{"cameraMode":{"drawMode":0,"name":"Shaded","section":"Shading Mode"},"sceneLighting":false,"audioPlay":false,"sceneViewState":{"showFog":true,"showMaterialUpdate":false,"showSkybox":false,"showFlares":true,"showImageEffects":true,"showParticleSystems":true},"in2DMode":false,"pivot":{"x":0.30608341097831728,"y":0.46839553117752077,"z":-0.5365697145462036},"rotation":{"x":-0.06400763988494873,"y":-0.9355815649032593,"z":0.23074811697006226,"w":-0.25952744483947756},"size":1.896578073501587,"orthographic":false}