{"cameraMode":{"drawMode":0,"name":"Shaded","section":"Shading Mode"},"sceneLighting":false,"audioPlay":false,"sceneViewState":{"showFog":true,"showMaterialUpdate":false,"showSkybox":false,"showFlares":true,"showImageEffects":true,"showParticleSystems":true},"in2DMode":false,"pivot":{"x":0.0037883652839809658,"y":0.45612454414367678,"z":-0.07807493209838867},"rotation":{"x":-0.02779007889330387,"y":-0.9720730781555176,"z":0.1561843603849411,"w":-0.1729668527841568},"size":0.8263189196586609,"orthographic":false}