{"cameraMode":{"drawMode":0,"name":"Shaded","section":"Shading Mode"},"sceneLighting":false,"audioPlay":false,"sceneViewState":{"showFog":false,"showMaterialUpdate":false,"showSkybox":false,"showFlares":false,"showImageEffects":false,"showParticleSystems":false,"showVisualEffectGraphs":true,"m_FxEnabled":true},"in2DMode":false,"pivot":{"x":-0.011627241969108582,"y":0.3891178369522095,"z":0.09713494777679444},"rotation":{"x":-0.01833086460828781,"y":0.9736658930778503,"z":-0.21090084314346314,"w":-0.08462797850370407},"size":0.6215785145759583,"orthographic":false}