{"cameraMode":{"drawMode":0,"name":"Shaded","section":"Shading Mode"},"sceneLighting":false,"audioPlay":false,"sceneViewState":{"showFog":false,"showMaterialUpdate":false,"showSkybox":false,"showFlares":false,"showImageEffects":false,"showParticleSystems":false,"showVisualEffectGraphs":true,"m_FxEnabled":true},"in2DMode":false,"pivot":{"x":-0.0169144868850708,"y":0.3646150231361389,"z":0.12552864849567414},"rotation":{"x":-0.01833086460828781,"y":0.9736658930778503,"z":-0.21090084314346314,"w":-0.08462797850370407},"size":0.6113435626029968,"orthographic":false}