{"cameraMode":{"drawMode":0,"name":"Shaded","section":"Shading Mode"},"sceneLighting":false,"audioPlay":false,"sceneViewState":{"showFog":true,"showMaterialUpdate":false,"showSkybox":false,"showFlares":true,"showImageEffects":true,"showParticleSystems":true,"showVisualEffectGraphs":true,"m_FxEnabled":true},"in2DMode":false,"pivot":{"x":-0.00034922361373901367,"y":0.47598710656166079,"z":0.002407841384410858},"rotation":{"x":-0.01833086460828781,"y":0.9736658930778503,"z":-0.21090084314346314,"w":-0.08462797850370407},"size":0.6611224412918091,"orthographic":false}